{"count":1,"gauges":{},"self":3.5328627999999997,"total":3.6767497,"children":{"AgentResetIfDone":{"count":171,"self":0.00099739999999999985,"total":0.00099739999999999985,"children":null},"AgentSendState":{"count":171,"self":0.001971,"total":0.0039375,"children":{"CollectObservations":{"count":344,"self":0.0019665,"total":0.0019665,"children":null}}},"DecideAction":{"count":171,"self":0.11708429999999999,"total":0.13005329999999998,"children":{"RayPerceptionSensor.Perceive":{"count":344,"self":0.012969,"total":0.012969,"children":null}}},"AcademyStep":{"count":171,"self":0,"total":0,"children":null},"AgentAct":{"count":171,"self":0.0079051,"total":0.0079051,"children":null}}}