{"count":1,"gauges":{},"self":12.2525544,"total":12.4813549,"children":{"AgentResetIfDone":{"count":616,"self":0.0020004,"total":0.0020004,"children":null},"AgentSendState":{"count":616,"self":0.0089024,"total":0.012862499999999999,"children":{"CollectObservations":{"count":1232,"self":0.0039601,"total":0.0039601,"children":null}}},"DecideAction":{"count":616,"self":0.16517189999999998,"total":0.1980246,"children":{"RayPerceptionSensor.Perceive":{"count":1232,"self":0.0328527,"total":0.0328527,"children":null}}},"AcademyStep":{"count":616,"self":0,"total":0,"children":null},"AgentAct":{"count":616,"self":0.014916599999999999,"total":0.014916599999999999,"children":null}}}